{"cameraMode":{"drawMode":0,"name":"Shaded","section":"Shading Mode"},"sceneLighting":false,"audioPlay":false,"sceneViewState":{"showFog":true,"showMaterialUpdate":false,"showSkybox":false,"showFlares":true,"showImageEffects":true,"showParticleSystems":true},"in2DMode":false,"pivot":{"x":385.607421875,"y":204.90728759765626,"z":8.076416015625},"rotation":{"x":-0.00030960922595113516,"y":-0.017402179539203645,"z":0.000007608107807755005,"w":-0.9998534917831421},"size":10.0,"orthographic":false}