{"cameraMode":{"drawMode":0,"name":"Shaded","section":"Shading Mode"},"sceneLighting":false,"audioPlay":false,"sceneViewState":{"showFog":true,"showMaterialUpdate":false,"showSkybox":false,"showFlares":true,"showImageEffects":true,"showParticleSystems":true},"in2DMode":false,"pivot":{"x":5.5908660888671879,"y":-51.98426818847656,"z":0.0},"rotation":{"x":-0.03479738160967827,"y":-0.017391609027981759,"z":0.0006061014719307423,"w":-0.9992460012435913},"size":165.01634216308595,"orthographic":false}